name,num_parts,num_vertices,num_edges,part_time,sys_time,comm_vol,edge_cut,avg_part_size,std_part_size,min_part_size,max_part_size,perf_time,perf_total_time,perf_std
com-orkut.ungraph.txt.metis,256,3072441,117185083,3392.594404,0.660417s,71159750,158289892,12001.723,227.923,11758,12362,3593.62,3596.34,1.36
com-orkut.ungraph.txt.metis,256,3072441,117185083,3396.971498,0.758935s,71159750,158289892,12001.723,227.923,11758,12362,3597.86,3596.34,1.36
com-orkut.ungraph.txt.metis,256,3072441,117185083,3396.560761,0.732046s,71159750,158289892,12001.723,227.923,11758,12362,3597.53,3596.34,1.36
soc-LiveJournal1.txt.metis,128,4846609,42851237,665.262342,0.224989s,19069849,40235518,37864.133,416.400,37559,39001,786.94,783.36,1.79
soc-LiveJournal1.txt.metis,128,4846609,42851237,661.581627,0.246302s,19069849,40235518,37864.133,416.400,37559,39001,781.33,783.36,1.79
soc-LiveJournal1.txt.metis,128,4846609,42851237,660.408340,0.208126s,19069849,40235518,37864.133,416.400,37559,39001,781.82,783.36,1.79
roadNet-PA.txt.metis,64,1088092,1541898,15.970363,0.003999s,658824,697214,17001.438,10.873,16983,17032,27.835,27.936,0.117
roadNet-PA.txt.metis,64,1088092,1541898,15.943870,0.011998s,658824,697214,17001.438,10.873,16983,17032,27.803,27.936,0.117
roadNet-PA.txt.metis,64,1088092,1541898,16.046131,0.008039s,658824,697214,17001.438,10.873,16983,17032,28.169,27.936,0.117
ydata-yim-friends-graph-v1_0.txt.metis,2,1878736,4079161,3.953984,0.012525s,888563,2257354,939368.000,1.000,939367,939369,7.4738,7.4281,0.0440
ydata-yim-friends-graph-v1_0.txt.metis,2,1878736,4079161,3.733952,0.012011s,888563,2257354,939368.000,1.000,939367,939369,7.3400,7.4281,0.0440
ydata-yim-friends-graph-v1_0.txt.metis,2,1878736,4079161,3.950548,0.008433s,888563,2257354,939368.000,1.000,939367,939369,7.4704,7.4281,0.0440
soc-pokec-relationships.txt.metis,256,1632803,22301964,668.037822,0.135967s,17441059,29060168,6378.137,76.705,6317,6570,748.479,747.226,0.756
soc-pokec-relationships.txt.metis,256,1632803,22301964,667.101207,0.132748s,17441059,29060168,6378.137,76.705,6317,6570,747.334,747.226,0.756
soc-pokec-relationships.txt.metis,256,1632803,22301964,665.643504,0.089615s,17441059,29060168,6378.137,76.705,6317,6570,745.866,747.226,0.756
wiki-topcats.txt.metis,2,1791489,25444207,13.355175,0.189505s,1315224,11634134,895744.500,3022.500,892722,898767,23.1411,23.0202,0.0644
wiki-topcats.txt.metis,2,1791489,25444207,13.233969,0.112226s,1315224,11634134,895744.500,3022.500,892722,898767,22.9211,23.0202,0.0644
wiki-topcats.txt.metis,2,1791489,25444207,13.230813,0.072277s,1315224,11634134,895744.500,3022.500,892722,898767,22.9984,23.0202,0.0644
com-lj.ungraph.txt.metis,8,3997962,34681189,44.653119,0.108583s,6507754,19189098,499745.250,8684.387,494385,514738,65.212,65.844,0.337
com-lj.ungraph.txt.metis,8,3997962,34681189,45.446512,0.181847s,6507754,19189098,499745.250,8684.387,494385,514738,66.365,65.844,0.337
com-lj.ungraph.txt.metis,8,3997962,34681189,45.489556,0.134579s,6507754,19189098,499745.250,8684.387,494385,514738,65.955,65.844,0.337
com-lj.ungraph.txt.metis,4,3997962,34681189,28.331808,0.087154s,4762274,14825968,999490.500,17312.137,989495,1029476,45.267,45.566,0.275
com-lj.ungraph.txt.metis,4,3997962,34681189,28.255612,0.131987s,4762274,14825968,999490.500,17312.137,989495,1029476,45.316,45.566,0.275
com-lj.ungraph.txt.metis,4,3997962,34681189,29.137619,0.107997s,4762274,14825968,999490.500,17312.137,989495,1029476,46.115,45.566,0.275
soc-LiveJournal1.txt.metis,64,4846609,42851237,335.988654,0.227034s,16654048,36112848,75728.266,768.051,73423,78001,407.420,406.537,0.574
soc-LiveJournal1.txt.metis,64,4846609,42851237,335.558124,0.192444s,16654048,36112848,75728.266,768.051,73423,78001,406.730,406.537,0.574
soc-LiveJournal1.txt.metis,64,4846609,42851237,334.272892,0.211995s,16654048,36112848,75728.266,768.051,73423,78001,405.460,406.537,0.574
com-lj.ungraph.txt.metis,256,3997962,34681189,1061.429465,0.189030s,17900213,33808044,15617.039,175.636,15520,16086,1239.92,1235.56,4.83
com-lj.ungraph.txt.metis,256,3997962,34681189,1048.475153,0.203965s,17900213,33808044,15617.039,175.636,15520,16086,1225.92,1235.56,4.83
com-lj.ungraph.txt.metis,256,3997962,34681189,1061.379303,0.217110s,17900213,33808044,15617.039,175.636,15520,16086,1240.85,1235.56,4.83
cit-Patents.txt.metis,8,3774768,16518947,26.806024,0.067907s,10606361,20477474,471846.000,4.822,471839,471855,45.448,45.241,0.104
cit-Patents.txt.metis,8,3774768,16518947,26.578044,0.036001s,10606361,20477474,471846.000,4.822,471839,471855,45.144,45.241,0.104
cit-Patents.txt.metis,8,3774768,16518947,26.541916,0.059996s,10606361,20477474,471846.000,4.822,471839,471855,45.131,45.241,0.104
com-friendster.ungraph.txt.tmp.source_sorted.metis,16,65608366,1806067135,4126.067201,28.816324s,270758721,1660573616,4100522.875,83815.130,4030438,4223539,5389.67,5404.20,12.76
com-friendster.ungraph.txt.tmp.source_sorted.metis,16,65608366,1806067135,4156.876941,27.611242s,270758721,1660573616,4100522.875,83815.130,4030438,4223539,5429.63,5404.20,12.76
com-friendster.ungraph.txt.tmp.source_sorted.metis,16,65608366,1806067135,4122.794208,28.269282s,270758721,1660573616,4100522.875,83815.130,4030438,4223539,5393.30,5404.20,12.76
as-skitter.txt.metis,64,1696415,11095298,87.497729,0.043995s,3284823,11317678,26506.484,574.123,25996,27302,109.9382,109.9852,0.0730
as-skitter.txt.metis,64,1696415,11095298,87.695155,0.043996s,3284823,11317678,26506.484,574.123,25996,27302,110.1284,109.9852,0.0730
as-skitter.txt.metis,64,1696415,11095298,87.468262,0.055995s,3284823,11317678,26506.484,574.123,25996,27302,109.8890,109.9852,0.0730
wiki-Talk.txt.metis,8,2394385,4659565,9.198639,0.019702s,2184142,5288726,299298.125,3394.074,298014,308278,16.0070,16.0213,0.0389
wiki-Talk.txt.metis,8,2394385,4659565,9.162695,0.012000s,2184142,5288726,299298.125,3394.074,298014,308278,15.9622,16.0213,0.0389
wiki-Talk.txt.metis,8,2394385,4659565,9.216921,0.015998s,2184142,5288726,299298.125,3394.074,298014,308278,16.0948,16.0213,0.0389
soc-lastfm.metis,64,1191805,4519330,38.411683,0.011999s,2843073,5347282,18621.953,238.883,18506,19181,53.227,53.395,0.159
soc-lastfm.metis,64,1191805,4519330,38.853774,0.022328s,2843073,5347282,18621.953,238.883,18506,19181,53.712,53.395,0.159
soc-lastfm.metis,64,1191805,4519330,38.380137,0.022374s,2843073,5347282,18621.953,238.883,18506,19181,53.246,53.395,0.159
soc-LiveJournal1.txt.metis,256,4846609,42851237,1310.957361,0.282216s,21541933,42675978,18932.066,211.745,18728,19501,1528.54,1526.55,2.06
soc-LiveJournal1.txt.metis,256,4846609,42851237,1311.064447,0.344278s,21541933,42675978,18932.066,211.745,18728,19501,1528.70,1526.55,2.06
soc-LiveJournal1.txt.metis,256,4846609,42851237,1307.502682,0.287619s,21541933,42675978,18932.066,211.745,18728,19501,1522.43,1526.55,2.06
as-skitter.txt.metis,16,1696415,11095298,24.912608,0.024497s,2561440,9393534,106025.938,1643.426,104346,109207,34.4451,34.4445,0.0867
as-skitter.txt.metis,16,1696415,11095298,24.993532,0.034315s,2561440,9393534,106025.938,1643.426,104346,109207,34.5942,34.4445,0.0867
as-skitter.txt.metis,16,1696415,11095298,24.753478,0.022367s,2561440,9393534,106025.938,1643.426,104346,109207,34.2940,34.4445,0.0867
roadNet-TX.txt.metis,2,1379917,1921660,2.163203,0.025388s,387466,442412,689958.500,0.500,689958,689959,3.9357,3.8821,0.0306
roadNet-TX.txt.metis,2,1379917,1921660,2.098297,0.002366s,387466,442412,689958.500,0.500,689958,689959,3.8809,3.8821,0.0306
roadNet-TX.txt.metis,2,1379917,1921660,2.062353,0.012000s,387466,442412,689958.500,0.500,689958,689959,3.8299,3.8821,0.0306
com-dblp.ungraph.txt.metis,16,317080,1049866,2.715893,0.004002s,324615,566622,19817.500,29.532,19795,19927,4.08921,4.09731,0.00692
com-dblp.ungraph.txt.metis,16,317080,1049866,2.741449,0.003995s,324615,566622,19817.500,29.532,19795,19927,4.11107,4.09731,0.00692
com-dblp.ungraph.txt.metis,16,317080,1049866,2.711623,0.016006s,324615,566622,19817.500,29.532,19795,19927,4.09163,4.09731,0.00692
cit-Patents.txt.metis,4,3774768,16518947,16.781310,0.088008s,6563738,16970156,943692.000,13.730,943681,943715,31.3709,31.4208,0.0393
cit-Patents.txt.metis,4,3774768,16518947,16.927367,0.068011s,6563738,16970156,943692.000,13.730,943681,943715,31.4985,31.4208,0.0393
cit-Patents.txt.metis,4,3774768,16518947,16.826210,0.060020s,6563738,16970156,943692.000,13.730,943681,943715,31.3931,31.4208,0.0393
roadNet-TX.txt.metis,256,1379917,1921660,73.423997,0.033581s,837126,879920,5390.301,8.505,5382,5444,128.651,128.867,0.125
roadNet-TX.txt.metis,256,1379917,1921660,73.625897,0.033225s,837126,879920,5390.301,8.505,5382,5444,128.866,128.867,0.125
roadNet-TX.txt.metis,256,1379917,1921660,73.372511,0.048000s,837126,879920,5390.301,8.505,5382,5444,129.084,128.867,0.125
wiki-topcats.txt.metis,256,1791489,25444207,741.852798,0.176682s,17987837,37868558,6998.004,197.135,6777,7208,828.93,831.16,2.05
wiki-topcats.txt.metis,256,1791489,25444207,747.874254,0.113730s,17987837,37868558,6998.004,197.135,6777,7208,835.26,831.16,2.05
wiki-topcats.txt.metis,256,1791489,25444207,742.350514,0.118745s,17987837,37868558,6998.004,197.135,6777,7208,829.29,831.16,2.05
soc-pokec-relationships.txt.metis,32,1632803,22301964,91.603212,0.075984s,9969910,22410042,51025.094,855.923,50512,52556,112.508,112.745,0.224
soc-pokec-relationships.txt.metis,32,1632803,22301964,92.232704,0.051998s,9969910,22410042,51025.094,855.923,50512,52556,113.194,112.745,0.224
soc-pokec-relationships.txt.metis,32,1632803,22301964,91.522379,0.095982s,9969910,22410042,51025.094,855.923,50512,52556,112.534,112.745,0.224
cit-Patents.txt.metis,256,3774768,16518947,540.462258,0.178230s,20545380,25299402,14745.188,26.442,14737,15053,704.329,704.800,0.357
cit-Patents.txt.metis,256,3774768,16518947,541.604660,0.170734s,20545380,25299402,14745.188,26.442,14737,15053,705.501,704.800,0.357
cit-Patents.txt.metis,256,3774768,16518947,540.412374,0.164012s,20545380,25299402,14745.188,26.442,14737,15053,704.570,704.800,0.357
twitter-2010.txt.tmp.source_sorted.metis,8,41652230,1202513046,1526.866708,5.157389s,146575891,1257908164,5206528.750,96244.579,5137099,5362725,2187.03,2183.82,4.13
twitter-2010.txt.tmp.source_sorted.metis,8,41652230,1202513046,1527.659933,5.576649s,146575891,1257908164,5206528.750,96244.579,5137099,5362725,2188.80,2183.82,4.13
twitter-2010.txt.tmp.source_sorted.metis,8,41652230,1202513046,1519.180430,5.851165s,146575891,1257908164,5206528.750,96244.579,5137099,5362725,2175.62,2183.82,4.13
com-orkut.ungraph.txt.metis,4,3072441,117185083,84.164964,0.385463s,6837515,74008208,768110.250,17269.820,744261,791154,131.71,130.38,1.15
com-orkut.ungraph.txt.metis,4,3072441,117185083,83.846499,0.436013s,6837515,74008208,768110.250,17269.820,744261,791154,131.35,130.38,1.15
com-orkut.ungraph.txt.metis,4,3072441,117185083,80.751497,0.416017s,6837515,74008208,768110.250,17269.820,744261,791154,128.08,130.38,1.15
soc-lastfm.metis,128,1191805,4519330,74.712994,0.048358s,3243053,5750446,9310.977,94.466,9270,9591,101.3766,101.4134,0.0402
soc-lastfm.metis,128,1191805,4519330,74.872129,0.023791s,3243053,5750446,9310.977,94.466,9270,9591,101.4938,101.4134,0.0402
soc-lastfm.metis,128,1191805,4519330,74.763989,0.038538s,3243053,5750446,9310.977,94.466,9270,9591,101.3700,101.4134,0.0402
wiki-Talk.txt.metis,4,2394385,4659565,6.060609,0.014763s,1826608,4214900,598596.250,10368.489,592610,616555,11.1207,11.1382,0.0111
wiki-Talk.txt.metis,4,2394385,4659565,5.963943,0.004090s,1826608,4214900,598596.250,10368.489,592610,616555,11.1350,11.1382,0.0111
wiki-Talk.txt.metis,4,2394385,4659565,6.025147,0.019390s,1826608,4214900,598596.250,10368.489,592610,616555,11.1589,11.1382,0.0111
com-youtube.ungraph.txt.metis,2,1134890,2987624,2.347316,0.020241s,540008,999048,567445.000,17024.000,550421,584469,4.31245,4.30464,0.00982
com-youtube.ungraph.txt.metis,2,1134890,2987624,2.350596,0.011771s,540008,999048,567445.000,17024.000,550421,584469,4.31635,4.30464,0.00982
com-youtube.ungraph.txt.metis,2,1134890,2987624,2.324717,0.010333s,540008,999048,567445.000,17024.000,550421,584469,4.28513,4.30464,0.00982
roadNet-PA.txt.metis,256,1088092,1541898,58.636806,0.029026s,664021,701152,4250.359,18.247,4230,4364,102.193,102.369,0.189
roadNet-PA.txt.metis,256,1088092,1541898,58.925637,0.020000s,664021,701152,4250.359,18.247,4230,4364,102.747,102.369,0.189
roadNet-PA.txt.metis,256,1088092,1541898,58.619477,0.027995s,664021,701152,4250.359,18.247,4230,4364,102.166,102.369,0.189
cit-Patents.txt.metis,32,3774768,16518947,78.480162,0.063614s,16970709,23834488,117961.500,4.070,117953,117970,113.189,112.955,0.118
cit-Patents.txt.metis,32,3774768,16518947,78.372836,0.095981s,16970709,23834488,117961.500,4.070,117953,117970,112.868,112.955,0.118
cit-Patents.txt.metis,32,3774768,16518947,78.393507,0.071998s,16970709,23834488,117961.500,4.070,117953,117970,112.809,112.955,0.118
twitter-2010.txt.tmp.source_sorted.metis,128,41652230,1202513046,21154.875636,6.940039s,471159086,1848247690,325408.047,4783.306,322922,335171,22779.65,22795.01,18.55
twitter-2010.txt.tmp.source_sorted.metis,128,41652230,1202513046,21145.144254,7.332257s,471159086,1848247690,325408.047,4783.306,322922,335171,22773.46,22795.01,18.55
twitter-2010.txt.tmp.source_sorted.metis,128,41652230,1202513046,21197.602355,9.089165s,471159086,1848247690,325408.047,4783.306,322922,335171,22831.93,22795.01,18.55
soc-lastfm.metis,8,1191805,4519330,6.772934,0.008145s,1488721,3980280,148975.625,2580.401,147480,153445,10.8904,10.8140,0.0388
soc-lastfm.metis,8,1191805,4519330,6.681227,0.003999s,1488721,3980280,148975.625,2580.401,147480,153445,10.7872,10.8140,0.0388
soc-lastfm.metis,8,1191805,4519330,6.637421,0.028001s,1488721,3980280,148975.625,2580.401,147480,153445,10.7643,10.8140,0.0388
soc-LiveJournal1.txt.metis,8,4846609,42851237,56.661362,0.116304s,7151632,20132034,605826.125,11866.666,596436,624001,81.346,81.767,0.366
soc-LiveJournal1.txt.metis,8,4846609,42851237,56.731946,0.166632s,7151632,20132034,605826.125,11866.666,596436,624001,81.460,81.767,0.366
soc-LiveJournal1.txt.metis,8,4846609,42851237,57.649264,0.161253s,7151632,20132034,605826.125,11866.666,596436,624001,82.497,81.767,0.366
soc-pokec-relationships.txt.metis,128,1632803,22301964,336.698905,0.078742s,14999519,27099950,12756.273,177.216,12647,13139,384.188,384.036,0.149
soc-pokec-relationships.txt.metis,128,1632803,22301964,336.468918,0.101807s,14999519,27099950,12756.273,177.216,12647,13139,383.739,384.036,0.149
soc-pokec-relationships.txt.metis,128,1632803,22301964,336.901549,0.123478s,14999519,27099950,12756.273,177.216,12647,13139,384.181,384.036,0.149
roadNet-TX.txt.metis,32,1379917,1921660,10.957135,0.012003s,821893,867732,43122.406,6.614,43115,43139,19.2957,19.3226,0.0135
roadNet-TX.txt.metis,32,1379917,1921660,10.974410,0.019995s,821893,867732,43122.406,6.614,43115,43139,19.3351,19.3226,0.0135
roadNet-TX.txt.metis,32,1379917,1921660,10.986931,0.010292s,821893,867732,43122.406,6.614,43115,43139,19.3370,19.3226,0.0135
ydata-yim-friends-graph-v1_0.txt.metis,64,1878736,4079161,40.680149,0.022824s,4533119,5042692,29355.250,1.436,29351,29360,63.492,63.208,0.142
ydata-yim-friends-graph-v1_0.txt.metis,64,1878736,4079161,40.279353,0.015718s,4533119,5042692,29355.250,1.436,29351,29360,63.081,63.208,0.142
ydata-yim-friends-graph-v1_0.txt.metis,64,1878736,4079161,40.254083,0.027995s,4533119,5042692,29355.250,1.436,29351,29360,63.052,63.208,0.142
roadNet-TX.txt.metis,16,1379917,1921660,6.383642,0.004000s,797817,846104,86244.812,7.650,86234,86262,11.34533,11.33488,0.00549
roadNet-TX.txt.metis,16,1379917,1921660,6.369564,0.011986s,797817,846104,86244.812,7.650,86234,86262,11.33259,11.33488,0.00549
roadNet-TX.txt.metis,16,1379917,1921660,6.382870,0.006358s,797817,846104,86244.812,7.650,86234,86262,11.32672,11.33488,0.00549
com-youtube.ungraph.txt.metis,32,1134890,2987624,14.648145,0.012094s,1435441,3109500,35465.312,533.401,35129,36530,22.4117,22.3148,0.0500
com-youtube.ungraph.txt.metis,32,1134890,2987624,14.433703,0.022305s,1435441,3109500,35465.312,533.401,35129,36530,22.2452,22.3148,0.0500
com-youtube.ungraph.txt.metis,32,1134890,2987624,14.550780,0.004018s,1435441,3109500,35465.312,533.401,35129,36530,22.2874,22.3148,0.0500
soc-pokec-relationships.txt.metis,4,1632803,22301964,17.193400,0.087657s,2937323,15521600,408200.750,7103.761,403553,420447,27.9956,27.9109,0.0500
soc-pokec-relationships.txt.metis,4,1632803,22301964,17.096398,0.063995s,2937323,15521600,408200.750,7103.761,403553,420447,27.8226,27.9109,0.0500
soc-pokec-relationships.txt.metis,4,1632803,22301964,17.143888,0.067992s,2937323,15521600,408200.750,7103.761,403553,420447,27.9145,27.9109,0.0500
soc-LiveJournal1.txt.metis,4,4846609,42851237,35.423158,0.117772s,4956868,16951564,1211652.250,21362.338,1195680,1248002,56.106,56.657,0.284
soc-LiveJournal1.txt.metis,4,4846609,42851237,36.147734,0.168123s,4956868,16951564,1211652.250,21362.338,1195680,1248002,56.808,56.657,0.284
soc-LiveJournal1.txt.metis,4,4846609,42851237,36.315835,0.163982s,4956868,16951564,1211652.250,21362.338,1195680,1248002,57.056,56.657,0.284
soc-lastfm.metis,4,1191805,4519330,4.238989,0.010433s,1007312,3212934,297951.250,5160.795,294965,306890,7.4076,7.5106,0.0754
soc-lastfm.metis,4,1191805,4519330,4.292764,0.026363s,1007312,3212934,297951.250,5160.795,294965,306890,7.4669,7.5106,0.0754
soc-lastfm.metis,4,1191805,4519330,4.454704,0.019930s,1007312,3212934,297951.250,5160.795,294965,306890,7.6574,7.5106,0.0754
wiki-Talk.txt.metis,2,2394385,4659565,4.183636,0.026672s,1177518,2738096,1197192.500,35916.500,1161276,1233109,8.0046,7.8968,0.0540
wiki-Talk.txt.metis,2,2394385,4659565,3.986566,0.012001s,1177518,2738096,1197192.500,35916.500,1161276,1233109,7.8394,7.8968,0.0540
wiki-Talk.txt.metis,2,2394385,4659565,3.939878,0.012006s,1177518,2738096,1197192.500,35916.500,1161276,1233109,7.8463,7.8968,0.0540
as-skitter.txt.metis,4,1696415,11095298,9.194786,0.040258s,1644810,5623672,424103.750,7385.559,418683,436827,14.913,15.027,0.151
as-skitter.txt.metis,4,1696415,11095298,9.095968,0.032009s,1644810,5623672,424103.750,7385.559,418683,436827,14.842,15.027,0.151
as-skitter.txt.metis,4,1696415,11095298,9.511445,0.053243s,1644810,5623672,424103.750,7385.559,418683,436827,15.326,15.027,0.151
as-skitter.txt.metis,8,1696415,11095298,14.505039,0.020111s,2315282,8272530,212051.875,2431.905,210852,218414,21.7558,21.5921,0.0824
as-skitter.txt.metis,8,1696415,11095298,14.243756,0.040003s,2315282,8272530,212051.875,2431.905,210852,218414,21.5270,21.5921,0.0824
as-skitter.txt.metis,8,1696415,11095298,14.230751,0.032000s,2315282,8272530,212051.875,2431.905,210852,218414,21.4937,21.5921,0.0824
com-orkut.ungraph.txt.metis,2,3072441,117185083,58.132668,0.955928s,2499467,22146070,1536220.500,46087.500,1490133,1582308,95.53,92.99,1.27
com-orkut.ungraph.txt.metis,2,3072441,117185083,55.125925,0.391262s,2499467,22146070,1536220.500,46087.500,1490133,1582308,91.85,92.99,1.27
com-orkut.ungraph.txt.metis,2,3072441,117185083,54.891492,0.398621s,2499467,22146070,1536220.500,46087.500,1490133,1582308,91.60,92.99,1.27
twitter-2010.txt.tmp.source_sorted.metis,16,41652230,1202513046,2670.989145,5.447307s,221610120,1483607722,2603264.375,45531.484,2574979,2681363,3440.28,3469.97,14.85
twitter-2010.txt.tmp.source_sorted.metis,16,41652230,1202513046,2712.803767,5.280577s,221610120,1483607722,2603264.375,45531.484,2574979,2681363,3484.44,3469.97,14.85
twitter-2010.txt.tmp.source_sorted.metis,16,41652230,1202513046,2720.465322,5.352909s,221610120,1483607722,2603264.375,45531.484,2574979,2681363,3485.19,3469.97,14.85
com-lj.ungraph.txt.metis,128,3997962,34681189,525.906062,0.156884s,16610624,32631158,31234.078,307.581,31098,32172,624.42,625.55,1.17
com-lj.ungraph.txt.metis,128,3997962,34681189,525.803845,0.163995s,16610624,32631158,31234.078,307.581,31098,32172,624.34,625.55,1.17
com-lj.ungraph.txt.metis,128,3997962,34681189,528.166065,0.191997s,16610624,32631158,31234.078,307.581,31098,32172,627.89,625.55,1.17
twitter-2010.txt.tmp.source_sorted.metis,256,41652230,1202513046,43389.203815,9.902220s,562038378,1933621028,162704.023,2252.117,161558,167586,45886.11,46083.75,122.43
twitter-2010.txt.tmp.source_sorted.metis,256,41652230,1202513046,43794.165137,19.374087s,562038378,1933621028,162704.023,2252.117,161558,167586,46307.76,46083.75,122.43
twitter-2010.txt.tmp.source_sorted.metis,256,41652230,1202513046,43542.351947,18.645001s,562038378,1933621028,162704.023,2252.117,161558,167586,46057.39,46083.75,122.43
roadNet-TX.txt.metis,8,1379917,1921660,4.023899,0.004001s,739977,793030,172489.625,11.313,172479,172509,7.2770,7.2521,0.0127
roadNet-TX.txt.metis,8,1379917,1921660,3.984983,0.011996s,739977,793030,172489.625,11.313,172479,172509,7.2351,7.2521,0.0127
roadNet-TX.txt.metis,8,1379917,1921660,4.002603,0.007984s,739977,793030,172489.625,11.313,172479,172509,7.2442,7.2521,0.0127
com-lj.ungraph.txt.metis,64,3997962,34681189,268.384154,0.194523s,14480615,30413562,62468.156,652.320,62209,64343,327.078,327.501,0.247
com-lj.ungraph.txt.metis,64,3997962,34681189,268.710045,0.210747s,14480615,30413562,62468.156,652.320,62209,64343,327.492,327.501,0.247
com-lj.ungraph.txt.metis,64,3997962,34681189,268.913389,0.213469s,14480615,30413562,62468.156,652.320,62209,64343,327.934,327.501,0.247
soc-lastfm.metis,2,1191805,4519330,3.123246,0.022481s,562024,2064168,595902.500,17877.500,578025,613780,5.64913,5.65252,0.00247
soc-lastfm.metis,2,1191805,4519330,3.013217,0.015999s,562024,2064168,595902.500,17877.500,578025,613780,5.65732,5.65252,0.00247
soc-lastfm.metis,2,1191805,4519330,3.125672,0.032166s,562024,2064168,595902.500,17877.500,578025,613780,5.65111,5.65252,0.00247
cit-Patents.txt.metis,16,3774768,16518947,44.395531,0.054258s,14241058,22593010,235923.000,4.108,235916,235933,68.7778,68.7299,0.0709
cit-Patents.txt.metis,16,3774768,16518947,44.380002,0.072116s,14241058,22593010,235923.000,4.108,235916,235933,68.8214,68.7299,0.0709
cit-Patents.txt.metis,16,3774768,16518947,44.297207,0.054469s,14241058,22593010,235923.000,4.108,235916,235933,68.5904,68.7299,0.0709
com-friendster.ungraph.txt.tmp.source_sorted.metis,32,65608366,1806067135,7459.672551,29.151709s,388316067,1941001080,2050261.438,38572.357,2025161,2111770,9001.64,9014.05,7.15
com-friendster.ungraph.txt.tmp.source_sorted.metis,32,65608366,1806067135,7469.164191,29.046155s,388316067,1941001080,2050261.438,38572.357,2025161,2111770,9014.09,9014.05,7.15
com-friendster.ungraph.txt.tmp.source_sorted.metis,32,65608366,1806067135,7468.387022,29.051256s,388316067,1941001080,2050261.438,38572.357,2025161,2111770,9026.41,9014.05,7.15
wiki-Talk.txt.metis,16,2394385,4659565,15.047423,0.015985s,2411687,6290610,149649.062,1159.306,149348,154139,24.9640,24.9842,0.0294
wiki-Talk.txt.metis,16,2394385,4659565,15.079302,0.007998s,2411687,6290610,149649.062,1159.306,149348,154139,25.0421,24.9842,0.0294
wiki-Talk.txt.metis,16,2394385,4659565,14.994130,0.015999s,2411687,6290610,149649.062,1159.306,149348,154139,24.9465,24.9842,0.0294
roadNet-PA.txt.metis,32,1088092,1541898,8.998413,0.012879s,650312,690050,34002.875,15.398,33983,34056,15.5904,15.4593,0.0703
roadNet-PA.txt.metis,32,1088092,1541898,8.844409,0.000000s,650312,690050,34002.875,15.398,33983,34056,15.4378,15.4593,0.0703
roadNet-PA.txt.metis,32,1088092,1541898,8.750403,0.012003s,650312,690050,34002.875,15.398,33983,34056,15.3498,15.4593,0.0703
com-youtube.ungraph.txt.metis,8,1134890,2987624,5.043663,0.006209s,1081485,2231328,141861.250,2457.927,140393,146118,8.4185,8.3476,0.0357
com-youtube.ungraph.txt.metis,8,1134890,2987624,4.940408,0.015993s,1081485,2231328,141861.250,2457.927,140393,146118,8.3041,8.3476,0.0357
com-youtube.ungraph.txt.metis,8,1134890,2987624,4.948238,0.007996s,1081485,2231328,141861.250,2457.927,140393,146118,8.3203,8.3476,0.0357
com-dblp.ungraph.txt.metis,4,317080,1049866,1.208864,0.008075s,197258,446616,79270.000,14.543,79255,79294,2.0203,1.8837,0.0690
com-dblp.ungraph.txt.metis,4,317080,1049866,1.057295,0.003996s,197258,446616,79270.000,14.543,79255,79294,1.7990,1.8837,0.0690
com-dblp.ungraph.txt.metis,4,317080,1049866,1.080421,0.003992s,197258,446616,79270.000,14.543,79255,79294,1.8317,1.8837,0.0690
com-lj.ungraph.txt.metis,16,3997962,34681189,77.008264,0.147517s,9157593,23475180,249872.625,2895.161,248621,257369,103.744,103.948,0.125
com-lj.ungraph.txt.metis,16,3997962,34681189,77.475682,0.144573s,9157593,23475180,249872.625,2895.161,248621,257369,104.176,103.948,0.125
com-lj.ungraph.txt.metis,16,3997962,34681189,77.105427,0.154825s,9157593,23475180,249872.625,2895.161,248621,257369,103.925,103.948,0.125
com-lj.ungraph.txt.metis,2,3997962,34681189,19.677280,0.300679s,2510233,7765032,1998981.000,59970.000,1939011,2058951,33.879,33.538,0.171
com-lj.ungraph.txt.metis,2,3997962,34681189,19.458523,0.084000s,2510233,7765032,1998981.000,59970.000,1939011,2058951,33.394,33.538,0.171
com-lj.ungraph.txt.metis,2,3997962,34681189,19.389548,0.095995s,2510233,7765032,1998981.000,59970.000,1939011,2058951,33.341,33.538,0.171
ydata-yim-friends-graph-v1_0.txt.metis,32,1878736,4079161,22.263033,0.022399s,4144063,4897170,58710.500,1.146,58708,58714,35.8205,35.8010,0.0104
ydata-yim-friends-graph-v1_0.txt.metis,32,1878736,4079161,22.235058,0.019998s,4144063,4897170,58710.500,1.146,58708,58714,35.7851,35.8010,0.0104
ydata-yim-friends-graph-v1_0.txt.metis,32,1878736,4079161,22.202840,0.027999s,4144063,4897170,58710.500,1.146,58708,58714,35.7974,35.8010,0.0104
com-lj.ungraph.txt.metis,32,3997962,34681189,142.517431,0.136074s,11897938,26530752,124936.312,1416.954,124395,128685,180.647,180.181,0.243
com-lj.ungraph.txt.metis,32,3997962,34681189,142.297767,0.095999s,11897938,26530752,124936.312,1416.954,124395,128685,180.066,180.181,0.243
com-lj.ungraph.txt.metis,32,3997962,34681189,141.830189,0.135443s,11897938,26530752,124936.312,1416.954,124395,128685,179.831,180.181,0.243
soc-LiveJournal1.txt.metis,2,4846609,42851237,24.493668,0.155958s,2326784,9645246,2423304.500,72699.500,2350605,2496004,42.115,41.923,0.104
soc-LiveJournal1.txt.metis,2,4846609,42851237,24.437392,0.140185s,2326784,9645246,2423304.500,72699.500,2350605,2496004,41.897,41.923,0.104
soc-LiveJournal1.txt.metis,2,4846609,42851237,24.259233,0.116259s,2326784,9645246,2423304.500,72699.500,2350605,2496004,41.758,41.923,0.104
com-dblp.ungraph.txt.metis,8,317080,1049866,1.794739,0.000000s,273873,531460,39635.000,17.103,39608,39663,2.7596,2.6620,0.0488
com-dblp.ungraph.txt.metis,8,317080,1049866,1.641166,0.003997s,273873,531460,39635.000,17.103,39608,39663,2.6164,2.6620,0.0488
com-dblp.ungraph.txt.metis,8,317080,1049866,1.629620,0.003999s,273873,531460,39635.000,17.103,39608,39663,2.6100,2.6620,0.0488
soc-lastfm.metis,16,1191805,4519330,11.437620,0.032254s,1891556,4539760,74487.812,577.314,74327,76723,17.3301,17.3425,0.0483
soc-lastfm.metis,16,1191805,4519330,11.663726,0.011925s,1891556,4539760,74487.812,577.314,74327,76723,17.4316,17.3425,0.0483
soc-lastfm.metis,16,1191805,4519330,11.499576,0.022729s,1891556,4539760,74487.812,577.314,74327,76723,17.2657,17.3425,0.0483
twitter-2010.txt.tmp.source_sorted.metis,4,41652230,1202513046,933.616934,4.931956s,85166417,989730598,10413057.500,186184.738,10271198,10725450,1509.29,1518.88,8.68
twitter-2010.txt.tmp.source_sorted.metis,4,41652230,1202513046,935.420638,5.256058s,85166417,989730598,10413057.500,186184.738,10271198,10725450,1511.15,1518.88,8.68
twitter-2010.txt.tmp.source_sorted.metis,4,41652230,1202513046,962.637103,5.117152s,85166417,989730598,10413057.500,186184.738,10271198,10725450,1536.20,1518.88,8.68
ydata-yim-friends-graph-v1_0.txt.metis,4,1878736,4079161,5.396978,0.004201s,1835203,3514776,469684.000,1.000,469683,469685,10.0858,10.2528,0.0839
ydata-yim-friends-graph-v1_0.txt.metis,4,1878736,4079161,5.334528,0.024394s,1835203,3514776,469684.000,1.000,469683,469685,10.3489,10.2528,0.0839
ydata-yim-friends-graph-v1_0.txt.metis,4,1878736,4079161,5.593509,0.008262s,1835203,3514776,469684.000,1.000,469683,469685,10.3239,10.2528,0.0839
com-orkut.ungraph.txt.metis,32,3072441,117185083,463.396328,0.508436s,33829119,130559344,96013.781,2045.935,93649,98895,543.674,544.140,0.818
com-orkut.ungraph.txt.metis,32,3072441,117185083,463.386701,0.516129s,33829119,130559344,96013.781,2045.935,93649,98895,545.732,544.140,0.818
com-orkut.ungraph.txt.metis,32,3072441,117185083,462.689598,0.571734s,33829119,130559344,96013.781,2045.935,93649,98895,543.015,544.140,0.818
com-youtube.ungraph.txt.metis,256,1134890,2987624,100.574507,0.015543s,1948548,3515236,4433.164,63.283,4396,4567,147.110,147.304,0.206
com-youtube.ungraph.txt.metis,256,1134890,2987624,100.540640,0.034933s,1948548,3515236,4433.164,63.283,4396,4567,147.085,147.304,0.206
com-youtube.ungraph.txt.metis,256,1134890,2987624,100.991560,0.032936s,1948548,3515236,4433.164,63.283,4396,4567,147.716,147.304,0.206
wiki-Talk.txt.metis,256,2394385,4659565,177.271313,0.041862s,3364112,7328850,9353.066,75.936,9330,9634,274.9724,275.0685,0.0621
wiki-Talk.txt.metis,256,2394385,4659565,177.364287,0.050484s,3364112,7328850,9353.066,75.936,9330,9634,275.0484,275.0685,0.0621
wiki-Talk.txt.metis,256,2394385,4659565,177.570299,0.052053s,3364112,7328850,9353.066,75.936,9330,9634,275.1846,275.0685,0.0621
com-youtube.ungraph.txt.metis,4,1134890,2987624,3.531354,0.005253s,873674,1558232,283722.500,4914.742,280850,292235,6.0610,5.8965,0.0825
com-youtube.ungraph.txt.metis,4,1134890,2987624,3.284906,0.003998s,873674,1558232,283722.500,4914.742,280850,292235,5.8028,5.8965,0.0825
com-youtube.ungraph.txt.metis,4,1134890,2987624,3.286257,0.003999s,873674,1558232,283722.500,4914.742,280850,292235,5.8257,5.8965,0.0825
wiki-Talk.txt.metis,128,2394385,4659565,90.862227,0.039998s,2819320,7128040,18706.133,122.387,18669,19268,142.277,142.061,0.125
wiki-Talk.txt.metis,128,2394385,4659565,91.102942,0.029547s,2819320,7128040,18706.133,122.387,18669,19268,142.062,142.061,0.125
wiki-Talk.txt.metis,128,2394385,4659565,90.882329,0.062288s,2819320,7128040,18706.133,122.387,18669,19268,141.844,142.061,0.125
com-dblp.ungraph.txt.metis,128,317080,1049866,17.715367,0.005741s,428802,667620,2477.188,14.302,2460,2552,24.5302,24.6215,0.0912
com-dblp.ungraph.txt.metis,128,317080,1049866,17.819779,0.007998s,428802,667620,2477.188,14.302,2460,2552,24.8039,24.6215,0.0912
com-dblp.ungraph.txt.metis,128,317080,1049866,17.693437,0.007710s,428802,667620,2477.188,14.302,2460,2552,24.5304,24.6215,0.0912
roadNet-TX.txt.metis,4,1379917,1921660,2.898606,0.004110s,618157,676240,344979.250,2.487,344977,344983,5.2640,5.1545,0.0548
roadNet-TX.txt.metis,4,1379917,1921660,2.725929,0.019996s,618157,676240,344979.250,2.487,344977,344983,5.0959,5.1545,0.0548
roadNet-TX.txt.metis,4,1379917,1921660,2.743294,0.002318s,618157,676240,344979.250,2.487,344977,344983,5.1035,5.1545,0.0548
wiki-Talk.txt.metis,64,2394385,4659565,48.491113,0.031750s,2741417,7269008,37412.266,141.693,37392,38535,76.391,75.876,0.262
wiki-Talk.txt.metis,64,2394385,4659565,48.023624,0.018479s,2741417,7269008,37412.266,141.693,37392,38535,75.697,75.876,0.262
wiki-Talk.txt.metis,64,2394385,4659565,47.855091,0.024000s,2741417,7269008,37412.266,141.693,37392,38535,75.539,75.876,0.262
ydata-yim-friends-graph-v1_0.txt.metis,128,1878736,4079161,75.637797,0.018378s,4765600,5129866,14677.625,1.474,14673,14682,116.7353,116.7736,0.0191
ydata-yim-friends-graph-v1_0.txt.metis,128,1878736,4079161,75.691470,0.026264s,4765600,5129866,14677.625,1.474,14673,14682,116.7935,116.7736,0.0191
ydata-yim-friends-graph-v1_0.txt.metis,128,1878736,4079161,75.665722,0.031998s,4765600,5129866,14677.625,1.474,14673,14682,116.7919,116.7736,0.0191
com-orkut.ungraph.txt.metis,128,3072441,117185083,1708.742236,0.642598s,58949450,150759132,24003.445,464.380,23500,24724,1845.05,1847.56,1.79
com-orkut.ungraph.txt.metis,128,3072441,117185083,1710.441569,0.707060s,58949450,150759132,24003.445,464.380,23500,24724,1846.62,1847.56,1.79
com-orkut.ungraph.txt.metis,128,3072441,117185083,1713.498891,0.639070s,58949450,150759132,24003.445,464.380,23500,24724,1851.01,1847.56,1.79
com-orkut.ungraph.txt.metis,16,3072441,117185083,243.421051,0.394061s,23243924,119599330,192027.562,4145.413,187233,197789,308.892,309.065,0.721
com-orkut.ungraph.txt.metis,16,3072441,117185083,242.435135,0.515932s,23243924,119599330,192027.562,4145.413,187233,197789,307.912,309.065,0.721
com-orkut.ungraph.txt.metis,16,3072441,117185083,245.205718,0.379999s,23243924,119599330,192027.562,4145.413,187233,197789,310.393,309.065,0.721
wiki-topcats.txt.metis,128,1791489,25444207,372.735751,0.131999s,15144109,35765024,13996.008,433.270,13468,14416,423.819,423.375,0.222
wiki-topcats.txt.metis,128,1791489,25444207,372.019288,0.150378s,15144109,35765024,13996.008,433.270,13468,14416,423.163,423.375,0.222
wiki-topcats.txt.metis,128,1791489,25444207,372.062974,0.111997s,15144109,35765024,13996.008,433.270,13468,14416,423.144,423.375,0.222
soc-LiveJournal1.txt.metis,16,4846609,42851237,97.154044,0.134996s,10185971,24518450,302913.062,4368.641,300499,312001,129.308,129.441,0.138
soc-LiveJournal1.txt.metis,16,4846609,42851237,97.564107,0.223995s,10185971,24518450,302913.062,4368.641,300499,312001,129.718,129.441,0.138
soc-LiveJournal1.txt.metis,16,4846609,42851237,97.332265,0.155997s,10185971,24518450,302913.062,4368.641,300499,312001,129.298,129.441,0.138
ydata-yim-friends-graph-v1_0.txt.metis,8,1878736,4079161,8.310319,0.003856s,2760844,4232972,234842.000,1.225,234840,234844,14.5285,14.4916,0.0720
ydata-yim-friends-graph-v1_0.txt.metis,8,1878736,4079161,8.374289,0.014536s,2760844,4232972,234842.000,1.225,234840,234844,14.5936,14.4916,0.0720
ydata-yim-friends-graph-v1_0.txt.metis,8,1878736,4079161,8.120711,0.014920s,2760844,4232972,234842.000,1.225,234840,234844,14.3526,14.4916,0.0720
soc-pokec-relationships.txt.metis,64,1632803,22301964,173.517706,0.092031s,12411248,24724046,25512.547,370.287,25288,26278,203.658,204.067,0.212
soc-pokec-relationships.txt.metis,64,1632803,22301964,174.248464,0.079986s,12411248,24724046,25512.547,370.287,25288,26278,204.372,204.067,0.212
soc-pokec-relationships.txt.metis,64,1632803,22301964,173.863860,0.060010s,12411248,24724046,25512.547,370.287,25288,26278,204.170,204.067,0.212
com-youtube.ungraph.txt.metis,128,1134890,2987624,51.465121,0.025309s,1800925,3440732,8866.328,126.581,8794,9133,75.8956,75.8664,0.0597
com-youtube.ungraph.txt.metis,128,1134890,2987624,51.429917,0.019999s,1800925,3440732,8866.328,126.581,8794,9133,75.9521,75.8664,0.0597
com-youtube.ungraph.txt.metis,128,1134890,2987624,51.290676,0.038353s,1800925,3440732,8866.328,126.581,8794,9133,75.7516,75.8664,0.0597
com-friendster.ungraph.txt.tmp.source_sorted.metis,2,65608366,1806067135,1221.931717,21.235100s,51826036,347079588,32804183.000,984126.000,31820057,33788309,1979.44,1990.56,10.84
com-friendster.ungraph.txt.tmp.source_sorted.metis,2,65608366,1806067135,1261.312374,22.686374s,51826036,347079588,32804183.000,984126.000,31820057,33788309,2012.25,1990.56,10.84
com-friendster.ungraph.txt.tmp.source_sorted.metis,2,65608366,1806067135,1219.405845,22.028736s,51826036,347079588,32804183.000,984126.000,31820057,33788309,1980.00,1990.56,10.84
com-friendster.ungraph.txt.tmp.source_sorted.metis,4,65608366,1806067135,1672.517244,23.723433s,84582350,614608850,16402091.500,430905.586,15973531,16894155,2531.66,2547.44,9.67
com-friendster.ungraph.txt.tmp.source_sorted.metis,4,65608366,1806067135,1720.132887,24.819356s,84582350,614608850,16402091.500,430905.586,15973531,16894155,2565.01,2547.44,9.67
com-friendster.ungraph.txt.tmp.source_sorted.metis,4,65608366,1806067135,1689.517423,26.226469s,84582350,614608850,16402091.500,430905.586,15973531,16894155,2545.67,2547.44,9.67
com-orkut.ungraph.txt.metis,8,3072441,117185083,136.696016,0.489434s,14139121,103903158,384055.125,9805.257,369767,395577,193.005,194.018,0.609
com-orkut.ungraph.txt.metis,8,3072441,117185083,138.963057,0.493005s,14139121,103903158,384055.125,9805.257,369767,395577,195.109,194.018,0.609
com-orkut.ungraph.txt.metis,8,3072441,117185083,138.177456,0.448359s,14139121,103903158,384055.125,9805.257,369767,395577,193.938,194.018,0.609
wiki-topcats.txt.metis,8,1791489,25444207,31.181925,0.120210s,4972441,24124888,223936.125,5620.938,217337,230655,45.245,44.970,0.261
wiki-topcats.txt.metis,8,1791489,25444207,31.235970,0.116341s,4972441,24124888,223936.125,5620.938,217337,230655,45.217,44.970,0.261
wiki-topcats.txt.metis,8,1791489,25444207,30.522197,0.086242s,4972441,24124888,223936.125,5620.938,217337,230655,44.448,44.970,0.261
com-dblp.ungraph.txt.metis,32,317080,1049866,5.024187,0.004091s,369753,610496,9908.750,54.080,9890,10207,7.1830,7.0840,0.0499
com-dblp.ungraph.txt.metis,32,317080,1049866,4.874989,0.000000s,369753,610496,9908.750,54.080,9890,10207,7.0243,7.0840,0.0499
com-dblp.ungraph.txt.metis,32,317080,1049866,4.884965,0.003999s,369753,610496,9908.750,54.080,9890,10207,7.0446,7.0840,0.0499
com-orkut.ungraph.txt.metis,64,3072441,117185083,873.247271,0.458900s,46006968,140490784,48006.891,950.398,46967,49448,972.66,975.19,3.06
com-orkut.ungraph.txt.metis,64,3072441,117185083,871.974258,0.548365s,46006968,140490784,48006.891,950.398,46967,49448,971.64,975.19,3.06
com-orkut.ungraph.txt.metis,64,3072441,117185083,877.009678,0.644978s,46006968,140490784,48006.891,950.398,46967,49448,981.29,975.19,3.06
com-friendster.ungraph.txt.tmp.source_sorted.metis,256,65608366,1806067135,53819.134779,35.113805s,860446274,2330002968,256282.680,5574.284,251785,263972,57874.57,57796.69,47.26
com-friendster.ungraph.txt.tmp.source_sorted.metis,256,65608366,1806067135,53541.282168,37.198474s,860446274,2330002968,256282.680,5574.284,251785,263972,57804.15,57796.69,47.26
com-friendster.ungraph.txt.tmp.source_sorted.metis,256,65608366,1806067135,53480.022221,41.146528s,860446274,2330002968,256282.680,5574.284,251785,263972,57711.36,57796.69,47.26
soc-pokec-relationships.txt.metis,16,1632803,22301964,49.725423,0.087717s,7627319,20834420,102050.188,1325.070,101312,105112,65.570,66.014,0.224
soc-pokec-relationships.txt.metis,16,1632803,22301964,50.390100,0.088420s,7627319,20834420,102050.188,1325.070,101312,105112,66.288,66.014,0.224
soc-pokec-relationships.txt.metis,16,1632803,22301964,50.100040,0.084977s,7627319,20834420,102050.188,1325.070,101312,105112,66.184,66.014,0.224
soc-lastfm.metis,32,1191805,4519330,20.681489,0.011643s,2398316,5000628,37243.906,422.786,37077,38362,29.653,29.453,0.104
soc-lastfm.metis,32,1191805,4519330,20.536829,0.011999s,2398316,5000628,37243.906,422.786,37077,38362,29.400,29.453,0.104
soc-lastfm.metis,32,1191805,4519330,20.422405,0.020000s,2398316,5000628,37243.906,422.786,37077,38362,29.306,29.453,0.104
as-skitter.txt.metis,32,1696415,11095298,45.748490,0.060000s,2907877,10883548,53012.969,1019.623,52302,54604,59.7516,59.8189,0.0739
as-skitter.txt.metis,32,1696415,11095298,45.753815,0.032000s,2907877,10883548,53012.969,1019.623,52302,54604,59.7386,59.8189,0.0739
as-skitter.txt.metis,32,1696415,11095298,45.965426,0.051999s,2907877,10883548,53012.969,1019.623,52302,54604,59.9664,59.8189,0.0739
com-youtube.ungraph.txt.metis,64,1134890,2987624,27.086838,0.020265s,1610362,3222552,17732.656,290.961,17542,18265,40.431,40.331,0.114
com-youtube.ungraph.txt.metis,64,1134890,2987624,26.773285,0.012026s,1610362,3222552,17732.656,290.961,17542,18265,40.103,40.331,0.114
com-youtube.ungraph.txt.metis,64,1134890,2987624,27.110967,0.007516s,1610362,3222552,17732.656,290.961,17542,18265,40.457,40.331,0.114
com-friendster.ungraph.txt.tmp.source_sorted.metis,128,65608366,1806067135,27190.454488,32.244929s,683817958,2233843384,512565.359,10682.803,504571,527943,29878.52,29807.94,35.30
com-friendster.ungraph.txt.tmp.source_sorted.metis,128,65608366,1806067135,27096.538134,31.017224s,683817958,2233843384,512565.359,10682.803,504571,527943,29771.02,29807.94,35.30
com-friendster.ungraph.txt.tmp.source_sorted.metis,128,65608366,1806067135,27081.059596,31.469516s,683817958,2233843384,512565.359,10682.803,504571,527943,29774.28,29807.94,35.30
roadNet-PA.txt.metis,4,1088092,1541898,2.180667,0.008008s,488819,537824,272023.000,3.391,272018,272027,4.04172,4.02279,0.00949
roadNet-PA.txt.metis,4,1088092,1541898,2.155893,0.007991s,488819,537824,272023.000,3.391,272018,272027,4.01455,4.02279,0.00949
roadNet-PA.txt.metis,4,1088092,1541898,2.157596,0.007997s,488819,537824,272023.000,3.391,272018,272027,4.01210,4.02279,0.00949
com-friendster.ungraph.txt.tmp.source_sorted.metis,64,65608366,1806067135,13957.706211,29.883408s,532129901,2115622208,1025130.719,23778.815,1005124,1055885,15915.45,15952.90,38.30
com-friendster.ungraph.txt.tmp.source_sorted.metis,64,65608366,1806067135,13953.122205,30.125898s,532129901,2115622208,1025130.719,23778.815,1005124,1055885,15913.74,15952.90,38.30
com-friendster.ungraph.txt.tmp.source_sorted.metis,64,65608366,1806067135,14023.484067,31.347949s,532129901,2115622208,1025130.719,23778.815,1005124,1055885,16029.50,15952.90,38.30
com-dblp.ungraph.txt.metis,64,317080,1049866,9.169133,0.008027s,405149,647480,4954.375,27.781,4938,5104,12.9006,12.9054,0.0224
com-dblp.ungraph.txt.metis,64,317080,1049866,9.140893,0.003999s,405149,647480,4954.375,27.781,4938,5104,12.8692,12.9054,0.0224
com-dblp.ungraph.txt.metis,64,317080,1049866,9.197809,0.006356s,405149,647480,4954.375,27.781,4938,5104,12.9463,12.9054,0.0224
wiki-topcats.txt.metis,32,1791489,25444207,99.357482,0.131521s,9451091,30705866,55984.031,2001.486,53293,57664,122.341,122.195,0.196
wiki-topcats.txt.metis,32,1791489,25444207,99.642358,0.115204s,9451091,30705866,55984.031,2001.486,53293,57664,122.438,122.195,0.196
wiki-topcats.txt.metis,32,1791489,25444207,98.976481,0.143985s,9451091,30705866,55984.031,2001.486,53293,57664,121.807,122.195,0.196
twitter-2010.txt.tmp.source_sorted.metis,32,41652230,1202513046,5171.367334,5.728344s,294834217,1610372554,1301632.188,20045.245,1290979,1340682,6088.26,6120.79,16.59
twitter-2010.txt.tmp.source_sorted.metis,32,41652230,1202513046,5210.977621,5.990382s,294834217,1610372554,1301632.188,20045.245,1290979,1340682,6131.47,6120.79,16.59
twitter-2010.txt.tmp.source_sorted.metis,32,41652230,1202513046,5217.809271,5.795195s,294834217,1610372554,1301632.188,20045.245,1290979,1340682,6142.65,6120.79,16.59
cit-Patents.txt.metis,64,3774768,16518947,144.977609,0.106922s,18804490,24608720,58980.750,5.858,58975,59018,198.4116,198.2813,0.0857
cit-Patents.txt.metis,64,3774768,16518947,144.656665,0.126416s,18804490,24608720,58980.750,5.858,58975,59018,198.1197,198.2813,0.0857
cit-Patents.txt.metis,64,3774768,16518947,144.791936,0.118840s,18804490,24608720,58980.750,5.858,58975,59018,198.3127,198.2813,0.0857
com-dblp.ungraph.txt.metis,256,317080,1049866,34.723309,0.012661s,446037,682302,1238.594,11.543,1226,1276,47.7133,47.7200,0.0522
com-dblp.ungraph.txt.metis,256,317080,1049866,34.557752,0.004000s,446037,682302,1238.594,11.543,1226,1276,47.8137,47.7200,0.0522
com-dblp.ungraph.txt.metis,256,317080,1049866,34.648549,0.012156s,446037,682302,1238.594,11.543,1226,1276,47.6332,47.7200,0.0522
roadNet-PA.txt.metis,2,1088092,1541898,1.837358,0.012473s,307320,353346,544046.000,35.000,544011,544081,3.2522,3.1173,0.0691
roadNet-PA.txt.metis,2,1088092,1541898,1.641391,0.000000s,307320,353346,544046.000,35.000,544011,544081,3.0240,3.1173,0.0691
roadNet-PA.txt.metis,2,1088092,1541898,1.672357,0.011986s,307320,353346,544046.000,35.000,544011,544081,3.0756,3.1173,0.0691
com-youtube.ungraph.txt.metis,16,1134890,2987624,8.142147,0.015999s,1236148,2712920,70930.625,1635.696,69647,73059,13.0056,13.0335,0.0303
com-youtube.ungraph.txt.metis,16,1134890,2987624,8.214504,0.004001s,1236148,2712920,70930.625,1635.696,69647,73059,13.0942,13.0335,0.0303
com-youtube.ungraph.txt.metis,16,1134890,2987624,8.127512,0.024003s,1236148,2712920,70930.625,1635.696,69647,73059,13.0008,13.0335,0.0303
twitter-2010.txt.tmp.source_sorted.metis,64,41652230,1202513046,10478.409388,6.576348s,376853818,1700112848,650816.094,10405.026,644725,670341,11648.90,11651.60,8.27
twitter-2010.txt.tmp.source_sorted.metis,64,41652230,1202513046,10496.091728,6.216553s,376853818,1700112848,650816.094,10405.026,644725,670341,11667.07,11651.60,8.27
twitter-2010.txt.tmp.source_sorted.metis,64,41652230,1202513046,10469.166658,6.412061s,376853818,1700112848,650816.094,10405.026,644725,670341,11638.82,11651.60,8.27
ydata-yim-friends-graph-v1_0.txt.metis,256,1878736,4079161,146.728214,0.048652s,4897608,5178536,7338.812,1.421,7333,7345,224.4158,224.4006,0.0114
ydata-yim-friends-graph-v1_0.txt.metis,256,1878736,4079161,146.684496,0.044000s,4897608,5178536,7338.812,1.421,7333,7345,224.3782,224.4006,0.0114
ydata-yim-friends-graph-v1_0.txt.metis,256,1878736,4079161,146.738253,0.048011s,4897608,5178536,7338.812,1.421,7333,7345,224.4078,224.4006,0.0114
cit-Patents.txt.metis,2,3774768,16518947,12.011773,0.076948s,2854810,10861806,1887384.000,20.000,1887364,1887404,22.864,22.725,0.131
cit-Patents.txt.metis,2,3774768,16518947,11.597202,0.090421s,2854810,10861806,1887384.000,20.000,1887364,1887404,22.462,22.725,0.131
cit-Patents.txt.metis,2,3774768,16518947,12.018360,0.064006s,2854810,10861806,1887384.000,20.000,1887364,1887404,22.848,22.725,0.131
soc-pokec-relationships.txt.metis,2,1632803,22301964,11.990700,0.195985s,1244226,9092556,816401.500,15614.500,800787,832016,20.8935,20.7423,0.0781
soc-pokec-relationships.txt.metis,2,1632803,22301964,11.937166,0.083993s,1244226,9092556,816401.500,15614.500,800787,832016,20.6328,20.7423,0.0781
soc-pokec-relationships.txt.metis,2,1632803,22301964,11.936881,0.056016s,1244226,9092556,816401.500,15614.500,800787,832016,20.7005,20.7423,0.0781
roadNet-PA.txt.metis,128,1088092,1541898,30.199860,0.008000s,662580,700190,8500.719,15.452,8479,8584,52.6056,52.6730,0.0467
roadNet-PA.txt.metis,128,1088092,1541898,30.218549,0.019997s,662580,700190,8500.719,15.452,8479,8584,52.6509,52.6730,0.0467
roadNet-PA.txt.metis,128,1088092,1541898,30.244311,0.011999s,662580,700190,8500.719,15.452,8479,8584,52.7627,52.6730,0.0467
ydata-yim-friends-graph-v1_0.txt.metis,16,1878736,4079161,13.201632,0.015840s,3556871,4656210,117421.000,1.969,117418,117427,21.9430,21.9111,0.0783
ydata-yim-friends-graph-v1_0.txt.metis,16,1878736,4079161,13.225512,0.015483s,3556871,4656210,117421.000,1.969,117418,117427,22.0279,21.9111,0.0783
ydata-yim-friends-graph-v1_0.txt.metis,16,1878736,4079161,12.997081,0.011999s,3556871,4656210,117421.000,1.969,117418,117427,21.7623,21.9111,0.0783
as-skitter.txt.metis,256,1696415,11095298,338.089425,0.084299s,4424958,12249324,6626.621,139.816,6507,6826,410.4243,410.2683,0.0977
as-skitter.txt.metis,256,1696415,11095298,338.015659,0.062422s,4424958,12249324,6626.621,139.816,6507,6826,410.2922,410.2683,0.0977
as-skitter.txt.metis,256,1696415,11095298,337.771370,0.075998s,4424958,12249324,6626.621,139.816,6507,6826,410.0885,410.2683,0.0977
roadNet-PA.txt.metis,16,1088092,1541898,5.139046,0.008001s,630852,672496,68005.750,11.893,67991,68030,9.0673,9.0453,0.0135
roadNet-PA.txt.metis,16,1088092,1541898,5.064458,0.016007s,630852,672496,68005.750,11.893,67991,68030,9.0207,9.0453,0.0135
roadNet-PA.txt.metis,16,1088092,1541898,5.113979,0.011991s,630852,672496,68005.750,11.893,67991,68030,9.0477,9.0453,0.0135
cit-Patents.txt.metis,128,3774768,16518947,275.987683,0.153791s,19911784,25036428,29490.375,30.121,29480,29739,366.5169,366.4564,0.0327
cit-Patents.txt.metis,128,3774768,16518947,276.047753,0.127994s,19911784,25036428,29490.375,30.121,29480,29739,366.4477,366.4564,0.0327
cit-Patents.txt.metis,128,3774768,16518947,275.965754,0.127979s,19911784,25036428,29490.375,30.121,29480,29739,366.4047,366.4564,0.0327
wiki-topcats.txt.metis,4,1791489,25444207,19.638786,0.112005s,2885410,17822436,447872.250,13438.614,434119,461309,31.191,30.782,0.206
wiki-topcats.txt.metis,4,1791489,25444207,19.033811,0.084015s,2885410,17822436,447872.250,13438.614,434119,461309,30.532,30.782,0.206
wiki-topcats.txt.metis,4,1791489,25444207,19.109775,0.112899s,2885410,17822436,447872.250,13438.614,434119,461309,30.624,30.782,0.206
soc-LiveJournal1.txt.metis,32,4846609,42851237,175.907040,0.162526s,13673398,30530318,151456.531,1353.737,148395,156001,221.79,223.86,1.19
soc-LiveJournal1.txt.metis,32,4846609,42851237,179.342917,0.184553s,13673398,30530318,151456.531,1353.737,148395,156001,225.91,223.86,1.19
soc-LiveJournal1.txt.metis,32,4846609,42851237,177.910534,0.120155s,13673398,30530318,151456.531,1353.737,148395,156001,223.86,223.86,1.19
as-skitter.txt.metis,128,1696415,11095298,171.565258,0.027590s,3665538,11342504,13253.242,274.113,13026,13651,210.642,210.267,0.239
as-skitter.txt.metis,128,1696415,11095298,170.826866,0.039140s,3665538,11342504,13253.242,274.113,13026,13651,209.823,210.267,0.239
as-skitter.txt.metis,128,1696415,11095298,171.224919,0.058209s,3665538,11342504,13253.242,274.113,13026,13651,210.335,210.267,0.239
roadNet-TX.txt.metis,64,1379917,1921660,20.347785,0.019717s,831695,875672,21561.203,7.296,21552,21586,35.5123,35.4673,0.0395
roadNet-TX.txt.metis,64,1379917,1921660,20.153393,0.011115s,831695,875672,21561.203,7.296,21552,21586,35.3885,35.4673,0.0395
roadNet-TX.txt.metis,64,1379917,1921660,20.467935,0.020135s,831695,875672,21561.203,7.296,21552,21586,35.5011,35.4673,0.0395
soc-pokec-relationships.txt.metis,8,1632803,22301964,28.436543,0.084853s,5137501,18233816,204100.375,3535.584,201990,210224,41.1833,41.0368,0.0931
soc-pokec-relationships.txt.metis,8,1632803,22301964,28.118227,0.083682s,5137501,18233816,204100.375,3535.584,201990,210224,40.8641,41.0368,0.0931
soc-pokec-relationships.txt.metis,8,1632803,22301964,28.392525,0.100194s,5137501,18233816,204100.375,3535.584,201990,210224,41.0630,41.0368,0.0931
soc-lastfm.metis,256,1191805,4519330,146.191699,0.047828s,3691595,6026334,4655.488,64.008,4619,4796,196.1100,196.0517,0.0546
soc-lastfm.metis,256,1191805,4519330,146.036539,0.043996s,3691595,6026334,4655.488,64.008,4619,4796,196.1025,196.0517,0.0546
soc-lastfm.metis,256,1191805,4519330,146.050401,0.027999s,3691595,6026334,4655.488,64.008,4619,4796,195.9425,196.0517,0.0546
wiki-Talk.txt.metis,32,2394385,4659565,26.296353,0.012289s,2594329,6888476,74824.531,403.319,74751,77070,42.2034,42.1477,0.0363
wiki-Talk.txt.metis,32,2394385,4659565,26.195297,0.044003s,2594329,6888476,74824.531,403.319,74751,77070,42.1602,42.1477,0.0363
wiki-Talk.txt.metis,32,2394385,4659565,26.134635,0.026372s,2594329,6888476,74824.531,403.319,74751,77070,42.0795,42.1477,0.0363
wiki-topcats.txt.metis,16,1791489,25444207,53.797373,0.143420s,7302817,28216716,111968.062,3492.973,107535,115328,71.3047,71.1745,0.0767
wiki-topcats.txt.metis,16,1791489,25444207,53.369382,0.123903s,7302817,28216716,111968.062,3492.973,107535,115328,71.1799,71.1745,0.0767
wiki-topcats.txt.metis,16,1791489,25444207,53.571096,0.142418s,7302817,28216716,111968.062,3492.973,107535,115328,71.0391,71.1745,0.0767
com-dblp.ungraph.txt.metis,2,317080,1049866,0.852024,0.004168s,101549,272294,158540.000,5.000,158535,158545,1.4587,1.3822,0.0384
com-dblp.ungraph.txt.metis,2,317080,1049866,0.757159,0.010375s,101549,272294,158540.000,5.000,158535,158545,1.3483,1.3822,0.0384
com-dblp.ungraph.txt.metis,2,317080,1049866,0.760318,0.000000s,101549,272294,158540.000,5.000,158535,158545,1.3394,1.3822,0.0384
roadNet-PA.txt.metis,8,1088092,1541898,3.532359,0.004232s,584289,629350,136011.500,13.991,135992,136043,6.0988,5.9192,0.0902
roadNet-PA.txt.metis,8,1088092,1541898,3.236106,0.006462s,584289,629350,136011.500,13.991,135992,136043,5.8146,5.9192,0.0902
roadNet-PA.txt.metis,8,1088092,1541898,3.278153,0.004079s,584289,629350,136011.500,13.991,135992,136043,5.8441,5.9192,0.0902
as-skitter.txt.metis,2,1696415,11095298,6.363486,0.104174s,849929,2523670,848207.500,25446.500,822761,873654,10.9498,10.9586,0.0277
as-skitter.txt.metis,2,1696415,11095298,6.404516,0.051940s,849929,2523670,848207.500,25446.500,822761,873654,10.9156,10.9586,0.0277
as-skitter.txt.metis,2,1696415,11095298,6.527026,0.040533s,849929,2523670,848207.500,25446.500,822761,873654,11.0105,10.9586,0.0277
wiki-topcats.txt.metis,64,1791489,25444207,188.957217,0.127980s,12298981,33410804,27992.016,882.176,26817,28832,221.485,221.555,0.123
wiki-topcats.txt.metis,64,1791489,25444207,189.277317,0.122734s,12298981,33410804,27992.016,882.176,26817,28832,221.794,221.555,0.123
wiki-topcats.txt.metis,64,1791489,25444207,188.816853,0.087201s,12298981,33410804,27992.016,882.176,26817,28832,221.386,221.555,0.123
twitter-2010.txt.tmp.source_sorted.metis,2,41652230,1202513046,647.650153,11.899418s,35602605,530850382,20826115.000,624784.000,20201331,21450899,1147.06,1121.92,12.67
twitter-2010.txt.tmp.source_sorted.metis,2,41652230,1202513046,640.566512,6.620474s,35602605,530850382,20826115.000,624784.000,20201331,21450899,1112.05,1121.92,12.67
twitter-2010.txt.tmp.source_sorted.metis,2,41652230,1202513046,642.212118,5.056994s,35602605,530850382,20826115.000,624784.000,20201331,21450899,1106.66,1121.92,12.67
com-friendster.ungraph.txt.tmp.source_sorted.metis,8,65608366,1806067135,2470.137665,26.341165s,167073878,1265664400,8201045.750,228009.232,7974258,8447078,3519.25,3513.04,5.51
com-friendster.ungraph.txt.tmp.source_sorted.metis,8,65608366,1806067135,2455.859217,25.646769s,167073878,1265664400,8201045.750,228009.232,7974258,8447078,3502.04,3513.04,5.51
com-friendster.ungraph.txt.tmp.source_sorted.metis,8,65608366,1806067135,2466.177971,26.115955s,167073878,1265664400,8201045.750,228009.232,7974258,8447078,3517.82,3513.04,5.51
roadNet-TX.txt.metis,128,1379917,1921660,38.284994,0.020060s,835506,878708,10780.602,8.815,10772,10828,66.774,66.581,0.123
roadNet-TX.txt.metis,128,1379917,1921660,37.912017,0.023464s,835506,878708,10780.602,8.815,10772,10828,66.354,66.581,0.123
roadNet-TX.txt.metis,128,1379917,1921660,38.082943,0.026378s,835506,878708,10780.602,8.815,10772,10828,66.614,66.581,0.123
